<?xml version="1.0" encoding="UTF-8"?>
<!DOCTYPE fontscolors PUBLIC "-//NetBeans//DTD Editor Fonts and Colors settings 1.1//EN" "http://www.netbeans.org/dtds/EditorFontsColors-1_1.dtd">
<fontscolors>
    <fontcolor name="editor-bookmark"/>
    <fontcolor bgColor="ffe9ffe6" name="CurrentExpressionLine_DCBP"/>
    <fontcolor bgColor="ffe9ffe6" name="CurrentExpressionLine_CBP"/>
    <fontcolor bgColor="ff2cb7b3" name="de-foopara-phpcsmd-annotation-phpmd-complex-severity"/>
    <fontcolor bgColor="ffff9090" name="de-foopara-phpcsmd-annotation-phpcs-forbidden"/>
    <fontcolor name="org-netbeans-spi-editor-hints-parser_annotation_err_fixable"/>
    <fontcolor bgColor="ff2cb7b3" name="de-foopara-phpcsmd-annotation-phpcs-complex-severity"/>
    <fontcolor bgColor="cyan" name="de-foopara-phpcsmd-annotation-phpcpd-violation-severity"/>
    <fontcolor name="org-netbeans-modules-editor-annotations-implements-has-implementations-combined"/>
    <fontcolor bgColor="ffcccccc" name="de-foopara-phpcsmd-annotation-phpcs-unreachable"/>
    <fontcolor bgColor="cyan" name="de-foopara-phpcsmd-annotation-phpcpd-violation"/>
    <fontcolor bgColor="ffe9ffe6" name="CurrentExpressionLine_DBP"/>
    <fontcolor name="org-netbeans-modules-git-Annotation"/>
    <fontcolor name="org-netbeans-spi-editor-hints-parser_annotation_hint_fixable"/>
    <fontcolor name="org-netbeans-spi-editor-hints-parser_annotation_err"/>
    <fontcolor bgColor="ffff9090" name="de-foopara-phpcsmd-annotation-phpcs-forbidden-severity"/>
    <fontcolor name="org-netbeans-modules-editor-annotations-implements-is-overridden-combined"/>
    <fontcolor name="org-netbeans-spi-editor-hints-parser_annotation_warn"/>
    <fontcolor name="org-netbeans-modules-editor-annotations-is_overridden"/>
    <fontcolor bgColor="ffffffcf" name="de-foopara-phpcsmd-annotation-phpcs-warning"/>
    <fontcolor name="org-netbeans-spi-editor-hints-parser_annotation_todo"/>
    <fontcolor bgColor="ffffc0ff" name="de-foopara-phpcsmd-annotation-phpmd-violation"/>
    <fontcolor bgColor="ffffffcf" name="de-foopara-phpcsmd-annotation-phpcs-warning-severity"/>
    <fontcolor name="org-netbeans-modules-editor-annotations-overrides"/>
    <fontcolor bgColor="ffeeeeee" name="de-foopara-phpcsmd-annotation-phpcs-comment-severity"/>
    <fontcolor bgColor="ffe9ffe6" name="CurrentExpressionLine"/>
    <fontcolor bgColor="ff2cb7b3" name="de-foopara-phpcsmd-annotation-phpmd-complex"/>
    <fontcolor bgColor="ffffc0ff" name="de-foopara-phpcsmd-annotation-phpmd-violation-severity"/>
    <fontcolor name="org-netbeans-spi-editor-hints-parser_annotation_verifier_fixable"/>
    <fontcolor bgColor="ffeeeeee" name="de-foopara-phpcsmd-annotation-phpcs-comment"/>
    <fontcolor name="org-netbeans-spi-editor-hints-parser_annotation_warn_fixable"/>
    <fontcolor bgColor="ff2cb7b3" name="de-foopara-phpcsmd-annotation-phpcs-complex"/>
    <fontcolor name="org-netbeans-modules-mercurial-Annotation"/>
    <fontcolor bgColor="ffffc0c0" name="de-foopara-phpcsmd-annotation-phpcs-error"/>
    <fontcolor bgColor="ffe7e1ef" name="CallSite"/>
    <fontcolor name="org-netbeans-modules-versioning-annotate-Annotation"/>
    <fontcolor name="PHPWarning" waveUnderlined="ffc0c000"/>
    <fontcolor name="org-netbeans-spi-editor-hints-parser_annotation_hint"/>
    <fontcolor name="PHPNotice" waveUnderlined="ffc0c000"/>
    <fontcolor bgColor="ffffc0c0" name="de-foopara-phpcsmd-annotation-phpcs-error-severity"/>
    <fontcolor name="org-netbeans-spi-editor-hints-parser_annotation_verifier"/>
    <fontcolor bgColor="ffcccccc" name="de-foopara-phpcsmd-annotation-phpcs-unreachable-severity"/>
    <fontcolor name="org-netbeans-modules-editor-annotations-has_implementations"/>
    <fontcolor name="org-netbeans-modules-editor-annotations-override-is-overridden-combined"/>
    <fontcolor name="org-netbeans-spi-editor-hints-parser_annotation_todo_fixable"/>
    <fontcolor bgColor="ffffa0a0" name="org-netbeans-modules-xml-error"/>
    <fontcolor name="OtherThreads"/>
    <fontcolor name="org-netbeans-modules-editor-annotations-implements"/>
    <fontcolor bgColor="ffe9ffe6" name="CurrentExpressionLine_BP"/>
    <fontcolor bgColor="ffd1ffbc" name="CurrentExpression"/>
    <fontcolor name="org-netbeans-modules-subversion-Annotation"/>
    <fontcolor name="PHPError" waveUnderlined="red"/>
    <fontcolor name="OtherThread"/>
</fontscolors>
